s1_id,s1_name,s1_address,match_id,match_name,match_address
S1-777210964,Davis Family Office,"88 Olive Circle, Lebanon, TN",S2-12029274,Davis Family Offie,"88 OLIVE CIR, LEBANON, TN"
S1-777210964,Davis Family Office,"88 Olive Circle, Lebanon, TN",S2-407524980,DAVIS FAMILY OFFICE,"OLIVE CIR, LEBANON, TN"
S1-777210964,Davis Family Office,"88 Olive Circle, Lebanon, TN",S3-970714334,Davis Family (Office),"88 Olive Cir, Lebanon, Tennessee"
S1-777210964,Davis Family Office,"88 Olive Circle, Lebanon, TN",S3-712922821,Davis Family,"Lebanon, Tennessee, 88 Olive Cir"
S1-190133982,MS Consultancy Corp,"Shymala Appts 1St Floor Flat No. 4 Opp Ratna Hospital Sb Road In Haveli, Pune, Maharashtra",S2-523219173,MS [Consultancy],"SHYMALA APPTS 1-1ST FLOOR FLAT NO. 4 OPP RATNA HOSPITAL SB ROAD IN HAVELI, PUNE, Maharashtra"
S1-190133982,MS Consultancy Corp,"Shymala Appts 1St Floor Flat No. 4 Opp Ratna Hospital Sb Road In Haveli, Pune, Maharashtra",S3-716445195,M5  Consultancy Corp,"Pune, MH, Pune, Shymala Appts 1St Floor Flat No. 4 Opp Ratna Hospital Sb Road In Haveli"
S1-190133982,MS Consultancy Corp,"Shymala Appts 1St Floor Flat No. 4 Opp Ratna Hospital Sb Road In Haveli, Pune, Maharashtra",S3-986804760,MS Corp Services,"Shymala Appts 1St Floor Flat No. 4 Opp Ratna Hospital Sb Road In Haveli, Pune, MH"
S1-970131671,3520 Main Road Realty Inc,"TX, 158 Simpson Lane, Somerset",S2-670035601,3520 MAIN ROAD REALTY INC,"SIMPSON LANE, SOMERSET, TX"
S1-970131671,3520 Main Road Realty Inc,"TX, 158 Simpson Lane, Somerset",S3-392756625,3520 MAIN ROAD Realty INC,"158 Simpson Lane, Somerset, Texas"
S1-391999301,Team Air Pvt. Ltd.,"Flat No:101, Anuska Towers, Opp. Mercedes Benz Show Room, Lakdi- Ka, -Pool, Hyderabad, Telangana",S2-742819060,TEAMAIR.COM,"FLAT NO:101, ANUSKA TOWERS, OPP. MERCEDES BENZ SHOW ROOM, LAKDI- KA, -POOL, తెలంగాణ"
S1-391999301,Team Air Pvt. Ltd.,"Flat No:101, Anuska Towers, Opp. Mercedes Benz Show Room, Lakdi- Ka, -Pool, Hyderabad, Telangana",S2-339356009,Thg Air Pvt. Ltd.,"FLAT NO:101, -POOL, HYDERABAD, తెలంగాణ"
S1-391999301,Team Air Pvt. Ltd.,"Flat No:101, Anuska Towers, Opp. Mercedes Benz Show Room, Lakdi- Ka, -Pool, Hyderabad, Telangana",S2-233734305,teamair.com,"FLAT NO:101, ANUSKA TOWERS, OPP. MERCEDES BENZ SHOW ROOM, LAKDI- KA, -POOL, Telangana"
S1-391999301,Team Air Pvt. Ltd.,"Flat No:101, Anuska Towers, Opp. Mercedes Benz Show Room, Lakdi- Ka, -Pool, Hyderabad, Telangana",S3-938838849,Mirasol,"Flat No:1-101, Anuska Towers, Opp. Mercedes Benz Show Room, Lakdi- Ka, Hyderabad, -Pool, Andhra Pradesh"
S1-391999301,Team Air Pvt. Ltd.,"Flat No:101, Anuska Towers, Opp. Mercedes Benz Show Room, Lakdi- Ka, -Pool, Hyderabad, Telangana",S3-99519749,Team Air Pvt. Limited,"Flat No:1-101, Anuska Towers, Opp. Mercedes Benz Show Room, Lakdi- Ka, -Pool, Hyderabad, Andhra Pradesh"
S1-435988542,Drayex Berto LLC,"Montgomery Village, MD, 19821 Wheelwright Drive",S2-500704398,DRAYEX  BERTO LLC,"##19821 WHEELWRIGHT DR, MONTGOMERY VILLAGE, MD"
S1-351020560,Grand Connecticut LLC,"Calumet City, 351 Hoxie Avenue, IL",S2-907008976,Grand Connecticut,"CALUMET CITY, 351 HOXIE AVE, N/A, IL"
S1-351020560,Grand Connecticut LLC,"Calumet City, 351 Hoxie Avenue, IL",S3-943702663,Grand LLC Service,"Illinois, Calumet City, 351- Hoxie Avenue"
S1-351020560,Grand Connecticut LLC,"Calumet City, 351 Hoxie Avenue, IL",S3-503506440,Grand Connecticut,"351- Hoxie Avenue, Calumet City, Illinois"
S1-351020560,Grand Connecticut LLC,"Calumet City, 351 Hoxie Avenue, IL",S3-27236093,Grand Grand Connecticut LLC,"351- Hoxie Ave, Calumet City, Illinois"
S1-353020204,Prairie Capital Partners PLLC,"120 Autumn Woods Boulevard, Mount Holly, NC",S2-403125820,PRAIRIE CAPITAL PLLC-PARTNERS,"120. Autumn Woods Boulevard, MOUNT HOLLY, NC"
S1-353020204,Prairie Capital Partners PLLC,"120 Autumn Woods Boulevard, Mount Holly, NC",S2-482586584,Prairie (Capital),"AUTUMN WOODS BLVD, MOUNT HOLLY, NC"
S1-353020204,Prairie Capital Partners PLLC,"120 Autumn Woods Boulevard, Mount Holly, NC",S3-740655592,Prairie Partners PLLC  Services,"Autumn Woods Blvd, Mount Holly, North Carolina"
S1-353020204,Prairie Capital Partners PLLC,"120 Autumn Woods Boulevard, Mount Holly, NC",S3-701336150,prairie capital partners pllc,
S1-374388852,Jalna Chem LLP,"At H. No 211, Bhamberi Tq. Ambad S/Dn Dist Jalna, Jalna, Maharashtra",S2-509116615,Jalna Chem  LLP,"AT H. NO 211, BHAMBERI TQ. AMBAD S/DN DIST JALNA, JALNA, Maharashtra"
S1-374388852,Jalna Chem LLP,"At H. No 211, Bhamberi Tq. Ambad S/Dn Dist Jalna, Jalna, Maharashtra",S3-913638566,Jalna  Ce LLP,"Blokc C-724 At H. No 211, Bhamberi Tq. Ambad S/dn Dist Jalna, Jalna, MH"
S1-793615008,Clairvoyant Record Private Limited,"1St Floor, Tamrakarmall, New Bus Stand, Sehore, Madhya Pradesh",S2-102911781,Clairvoyant Ride Private (Limited),"NO 7-1ST FLOOR, TAMRAKARMALL, NEW BUS STAND, SEHORE, Madhya Pradesh"
S1-793615008,Clairvoyant Record Private Limited,"1St Floor, Tamrakarmall, New Bus Stand, Sehore, Madhya Pradesh",S2-942337168,Clairvoyant Récord Private Ltd,"7-1ST FLOOR, TAMRAKARMALL, NEW BUS STAND, SEHORE, मध्य प्रदेश"
S1-793615008,Clairvoyant Record Private Limited,"1St Floor, Tamrakarmall, New Bus Stand, Sehore, Madhya Pradesh",S2-875327982,Clairvoyant Rcdbr Private Limited,"7-1ST FLOOR, TAMRAKARMALL, NEW BUS STAND, SEHORE, Madhya Pradesh"
S1-793615008,Clairvoyant Record Private Limited,"1St Floor, Tamrakarmall, New Bus Stand, Sehore, Madhya Pradesh",S3-276503007,Clairvoyant Record Private,"1St Floor, Sehore, Madhya Pradesh, मध्य प्रदेश"
S1-793615008,Clairvoyant Record Private Limited,"1St Floor, Tamrakarmall, New Bus Stand, Sehore, Madhya Pradesh",S3-154593156,Clairvoyant Rceoad Private (Limited),"1St Floor, Sehore, Madhya Pradesh, MP"
S1-339384180,FH Business Pvt Ltd,"602, 6Th Floor, Crystal Mall, Bani Park, Jaipur, Rajasthan",S2-763394237,FH BUSINESS PVT LIMITED,"602, 6TH FLOOR, CRYSTAL MALL, BANI PARK, JAIPUR, राजस्थान"
S1-339384180,FH Business Pvt Ltd,"602, 6Th Floor, Crystal Mall, Bani Park, Jaipur, Rajasthan",S3-162797226,FH Business Pvt-Ltd.,"602, Jaipur, RJ"
S1-339384180,FH Business Pvt Ltd,"602, 6Th Floor, Crystal Mall, Bani Park, Jaipur, Rajasthan",S3-914554628,FH FH Business Pvt Ltd.,"6Th Floor, Crystal Mall, Bani Park, Jaipur, 602, RJ"
S1-83174673,Supreme It Private Limited,"Office No S 07 82Haware, Centurion Plt88-91 Sec19A, Thane, Maharashtra",S2-348030512,Supreme  It Private Limited,"OFFICE NO S 07 82HAWARE, CENTURION PLT88-91 SEC19A, THANE, Maharashtra"
S1-83174673,Supreme It Private Limited,"Office No S 07 82Haware, Centurion Plt88-91 Sec19A, Thane, Maharashtra",S3-755114994,सुप्रीम आईटी प्राइवेट लिमिटेड,"Offiec No S ##07 82Haware, Centurion Plt88-91 Sec19a, Thane, MH"
S1-83174673,Supreme It Private Limited,"Office No S 07 82Haware, Centurion Plt88-91 Sec19A, Thane, Maharashtra",S3-444196916,Supreme It Private,"Office No S ##07 82Haware, Centurion Plt88-91 Sec19a, Thane, MH"
S1-83174673,Supreme It Private Limited,"Office No S 07 82Haware, Centurion Plt88-91 Sec19A, Thane, Maharashtra",S3-130505638,सुप्रीम आईटी प्राइवेट लिमिटेड,"Office No S ##07 82Haware, Centurion Plt88-91 Sec19a, Thane, MH"
S1-350092923,Cardiology Metro Care Associates Inc,"1138 Trimble Creek Drive, West Jordan City, UT",S2-358229894,cardiologymetrocare.com,"1138 TRIMBLE CREEK DRIVE, WEST JORDAN, UT"
S1-350092923,Cardiology Metro Care Associates Inc,"1138 Trimble Creek Drive, West Jordan City, UT",S2-910624268,cmcáre.com,"1138 TRIMBLE CREEK DRIVE, WEST JORDAN, UT"
S1-350092923,Cardiology Metro Care Associates Inc,"1138 Trimble Creek Drive, West Jordan City, UT",S3-662458828,Cardiology Metro Care Asfsogiadmrts Inc | www.cardiology.com,"1138 Trimble Creek Drive, West Jordan City, Utah"
S1-665522603,Achyut Colonisers Pvt Ltd,"House No 4/82 Madanlal Bohara Kapad Market Ichalkaranji, Ichalkaranji, Kolhapur, Maharashtra",S3-813562861,Shri Verafayemira,"House No 4/82 Madanlal Bohara Kapad Market Ichalkaranji, Kolhapur, महाराष्ट्र"
S1-200723243,Unique & Sons Private Limited,"Plot No.118, 119 Syno:190, Ip Chandanvelly, Rangareddy, K.V.Rangareddy, Telangana",S2-952851011,Unique & 5ons Pirave Limited,"PLOT NO.118, 119 SYNO:190, IP CHANDANVELLY, RANGAREDDY, Telangana"
S1-200723243,Unique & Sons Private Limited,"Plot No.118, 119 Syno:190, Ip Chandanvelly, Rangareddy, K.V.Rangareddy, Telangana",S2-788224506,UNIQUE & SONS LIMITED SERVICE,"#118 , 119 SYNO:190, IP CHANDANVELLY, RANGAREDDY, తెలంగాణ"
S1-200723243,Unique & Sons Private Limited,"Plot No.118, 119 Syno:190, Ip Chandanvelly, Rangareddy, K.V.Rangareddy, Telangana",S2-221988027,uniquesons.com,"118 , 119 SYNO:190, IP CHANDANVELLY, RANGAREDDY, Telangana"
S1-200723243,Unique & Sons Private Limited,"Plot No.118, 119 Syno:190, Ip Chandanvelly, Rangareddy, K.V.Rangareddy, Telangana",S2-621477890,Unique &  Sons Private [Limited],"PLOT NO.118, 119 SYNO:190, IP CHANDANVELLY, RANGAREDDY, Telangana"
S1-200723243,Unique & Sons Private Limited,"Plot No.118, 119 Syno:190, Ip Chandanvelly, Rangareddy, K.V.Rangareddy, Telangana",S3-153417633,Unique & Sons,"#118, 119 Syno:190, Ip Chandanvelly, Hyderabad City Region, K.v.rangareddy, TG"
S1-200723243,Unique & Sons Private Limited,"Plot No.118, 119 Syno:190, Ip Chandanvelly, Rangareddy, K.V.Rangareddy, Telangana",S3-234128350,Unique & Sons Prcvate Limited,"H.no 118, Hyderabad City Region, K.v.rangareddy, TG"
S1-46329934,Sarasva India Limited,"9/1/3 Kasundia 2Nd Bye Lane Lp-224/24/1, Santragachi, Howrah, West Bengal",S2-704697535,limited sarasva india,"9/1/3. KASUNDIA 2ND BYE LANE LP-224/24/1, HOWRAH, West Bengal"
S1-46329934,Sarasva India Limited,"9/1/3 Kasundia 2Nd Bye Lane Lp-224/24/1, Santragachi, Howrah, West Bengal",S2-604099225,Sarasva Índia,"DOOR NO 9/1/3. KASUNDIA 2ND BYE LANE LP-224/24/1, SANTRAGACHI, HOWRAH, পশ্চিমবঙ্গ"
S1-46329934,Sarasva India Limited,"9/1/3 Kasundia 2Nd Bye Lane Lp-224/24/1, Santragachi, Howrah, West Bengal",S2-975202599,SARASVA (INDIA) (INDIA),"9/1/3. KASUNDIA 2ND BYE LANE LP-224/24/1, SANTRAGACHI, HOWRAH, পশ্চিমবঙ্গ"
S1-46329934,Sarasva India Limited,"9/1/3 Kasundia 2Nd Bye Lane Lp-224/24/1, Santragachi, Howrah, West Bengal",S3-688076126,Sarasva India [[Limited]],"H.no 9/1/3 Kasundia 2Nd Bye Lane Lp-224/24/1, Santragachi, Howrah, WB"
S1-46329934,Sarasva India Limited,"9/1/3 Kasundia 2Nd Bye Lane Lp-224/24/1, Santragachi, Howrah, West Bengal",S3-175132143,Limited Sarasva lndia,"9/1/3 Kasundia 2Nd Bye Lane Lp-224/24/1, Santragachi, Howrah, WB"
S1-957340511,Desert Society Inc,"4038 Talmadge Road, Unit 102, Toledo, OH",S2-363608755,Society Desert Inc,"#4038 TALMADGE RD, TOLEDO, OH"
S1-957340511,Desert Society Inc,"4038 Talmadge Road, Unit 102, Toledo, OH",S2-326291497,Desert Society Inc,"#4038 TALMADGE RD, TOLEDO, OH"
S1-957340511,Desert Society Inc,"4038 Talmadge Road, Unit 102, Toledo, OH",S2-971669168,INCORPORATED DESERT SOCIETY,"#4038 TALMADGE RD, TOLEDO, OH"
S1-957340511,Desert Society Inc,"4038 Talmadge Road, Unit 102, Toledo, OH",S3-603047654,desert society inc,"4038 Talmadge Road, # 102, Toledo, Ohio"
S1-957340511,Desert Society Inc,"4038 Talmadge Road, Unit 102, Toledo, OH",S3-917953818,Desert S0ciety Inc,"Talmadge Road, Unit 102, Toledo, Ohio"
S1-661807190,Mendez's Excavation PLLC,"914 Charlotte Drive, Anoka, MN",S2-7657580,Mendez's Excavation,"914 CHARLOTTE DRIVE, ANOKA, MN"
S1-661807190,Mendez's Excavation PLLC,"914 Charlotte Drive, Anoka, MN",S2-372634346,Mendez's Excavation,"914 CHARLOTTE DR, ANOKA, MN"
S1-661807190,Mendez's Excavation PLLC,"914 Charlotte Drive, Anoka, MN",S2-414241629,Mendez's-Excavation PLLC,"914 CHARLOTTE DRIVE, ANOKA, MN"
S1-661807190,Mendez's Excavation PLLC,"914 Charlotte Drive, Anoka, MN",S2-240792458,Mendez's Excavation PLLC,"MN, ANOKA, CHARLOTTE DRIVE"
S1-661807190,Mendez's Excavation PLLC,"914 Charlotte Drive, Anoka, MN",S2-651471068,Mendez's Excavation,"914 CHARLOTTE DR, ANOKA, MN"
S1-661807190,Mendez's Excavation PLLC,"914 Charlotte Drive, Anoka, MN",S3-106044387,Mendez'S Excavation PLLC,"914 Charlotte Drive, Anoka, Minnesota"
S1-661807190,Mendez's Excavation PLLC,"914 Charlotte Drive, Anoka, MN",S3-306328111,Mendez's Excavation,"Charlotte Dr, Anoka, Minnesota"
S1-661807190,Mendez's Excavation PLLC,"914 Charlotte Drive, Anoka, MN",S3-182045112,Mendez's Excabatsibo PLLC,"Anoka, Minnesota, 914 Charlotte Dr"
S1-670305710,"Loudoun County Cultural Coalition, LLC","44023 Vaira Terrace, Loudoun County, VA",S2-892615832,"LOUDOUN COUNTY CULTURAL COALITION, LLC","0044023 VAIRA TER, N/A, CHANTILLY, VA"
S1-670305710,"Loudoun County Cultural Coalition, LLC","44023 Vaira Terrace, Loudoun County, VA",S3-524974871,"Loudoun County Cultural Coalition, LLC District","Chantilly, Virginia, #44023 Vaira Terrace"
S1-691615940,Rapid Transit Laboratories Care,"8201 Highpoint Road, Fl 0, Curtis Bay, MD",S2-748691171,Rapid Transit Lab0ratories Cáre,"8201 HIGHPOINT RD, CURTIS BAY, MD"
S1-691615940,Rapid Transit Laboratories Care,"8201 Highpoint Road, Fl 0, Curtis Bay, MD",S3-397491565,Rapid Tránsit Laboratories Cise,"Curtis Bay, Maryland, 8201 1/2 Highpoint Rd"
S1-691615940,Rapid Transit Laboratories Care,"8201 Highpoint Road, Fl 0, Curtis Bay, MD",S3-955477709,Rapid Transit,"8201 1/2 Highpoint Road, Fl 0, Curtis Bay, Maryland"
S1-116292005,Cornerstone Investments L.L.C.,"1475 Manitowoc Road, City Of Menasha, WI",S2-190403429,L.L.C. CORNERSTONE INVESTMENTS,"1475 MANITOWOC RD, CITY OF MENASHA, WI"
S1-116292005,Cornerstone Investments L.L.C.,"1475 Manitowoc Road, City Of Menasha, WI",S2-352866222,@cornerstoneinvestments,"1475 MANITOAOC RD, CITY OF MENASHA, WI"
S1-116292005,Cornerstone Investments L.L.C.,"1475 Manitowoc Road, City Of Menasha, WI",S2-807647266,cornerstone investments l.l.c.,"MANITOWOC RD, MENASHA, WI"
S1-116292005,Cornerstone Investments L.L.C.,"1475 Manitowoc Road, City Of Menasha, WI",S3-491460140,Cornerstone  Investments L.L.C.,"Manitowoc Road, City Of Menasha, Wisconsin"
S1-116292005,Cornerstone Investments L.L.C.,"1475 Manitowoc Road, City Of Menasha, WI",S3-703236777,Center Cornerstone L.L.C.,"1475 Manitowoc Rd, City Of Menasha, Wisconsin"
S1-116292005,Cornerstone Investments L.L.C.,"1475 Manitowoc Road, City Of Menasha, WI",S3-903695330,Drexsolpyra DBA: Cornerstone Investments L.L.C.,"City Of Menasha, WI, 1475 Manitowoc Road"
S1-365046346,Trip Welfare Society,"1/254, Baraban Khurd Thana Kakori, Lucknow, Uttar Pradesh",S2-945105765,Trip Welfare Socaieety,"1/254, BARABAN KHURD THANA KAKORI, Uttar Pradesh"
S1-365046346,Trip Welfare Society,"1/254, Baraban Khurd Thana Kakori, Lucknow, Uttar Pradesh",S2-517483574,Trip Weblfare Society,"1/254, BARABAN KHURD THANA KAKORI, Uttar Pradesh"
S1-365046346,Trip Welfare Society,"1/254, Baraban Khurd Thana Kakori, Lucknow, Uttar Pradesh",S2-768210231,Trip Welfare  Society,"1/254, BARABAN KHURD THANA KAKORI, Uttar Pradesh"
S1-365046346,Trip Welfare Society,"1/254, Baraban Khurd Thana Kakori, Lucknow, Uttar Pradesh",S3-651020082,Mr Trip Welfare Society Co,"1/254, Baraban Khurd Thana Kakori, Lucknow, उत्तर प्रदेश"
S1-631976101,Hotel Food Limited,"92, G.I.D.C., Motipura, Himatnagar, Sabarkantha, Gujarat",S2-944410437,HOTEL FOOD,"H.NO 663 92, G.I.D.C., MOTIPURA, HIMATNAGAR, ગુજરાત"
S1-664752852,Royal Packaging Corporation Partners,"PA, 1104 Freedley Street, Conshohocken Borough",S2-5814053,ROYAL CORPORATION PARTNERS SERVICES,"1104 FREEDLEY ST, CONSHOHOCKEN, PA"
S1-664752852,Royal Packaging Corporation Partners,"PA, 1104 Freedley Street, Conshohocken Borough",S3-494612950,*** Royal  Packaging,"Freedley St, Conshohocken Borough, Pennsylvania"
S1-664752852,Royal Packaging Corporation Partners,"PA, 1104 Freedley Street, Conshohocken Borough",S3-708404310,Royal Corporation Packaging Partners,"Conshohocken Borough, 1104 Freedley Street, Pennsylvania"
S1-664752852,Royal Packaging Corporation Partners,"PA, 1104 Freedley Street, Conshohocken Borough",S3-124904830,Royal Packaging Corporation  Partners,"1104 Freedley St, Conshohocken Borough, Pennsylvania"
S1-716717325,My Construction Private Limited,"H. No 1-1-742/3, G1, Pet Residency Narmada Nursing Home Line, Gandhi Nagar, Hyderabad, Telangana",S2-433164325,మై కన్‌స్ట్రక్షన్ ప్రైవేట్ లిమిటెడ్,"H. NO 1-1-742/3, G1, PET RESIDENCY NARMADA NURSING HOME LINE, GANDHI NAGAR, HYDERABAD, తెలంగాణ"
S1-716717325,My Construction Private Limited,"H. No 1-1-742/3, G1, Pet Residency Narmada Nursing Home Line, Gandhi Nagar, Hyderabad, Telangana",S2-686400156,మై కన్‌స్ట్రక్షన్ ప్రైవేట్ లిమిటెడ్,"1-1-742/3, తెలంగాణ, HYDERABAD"
S1-917688015,Novyx Networks Inc,"35973 Bushwacker Pass Street, San Tan Valley, AZ",S2-118644964,Novyx Inc Services,"Bushwacker Pass St, SAN TAN VALLEY, AZ"
S1-917688015,Novyx Networks Inc,"35973 Bushwacker Pass Street, San Tan Valley, AZ",S3-417520978,Novyx Ínc Center,"35973 Bushwacker Pass Street, San Tan Valley, Arizona"
S1-917688015,Novyx Networks Inc,"35973 Bushwacker Pass Street, San Tan Valley, AZ",S3-633243555,The Novyx Networks lnc,"35973 Bushwacker Pass Street, San Tan Valley, Arizona"
S1-476955207,Lambodar Softwares,"B-702, Shreeji Arcade B/H Bhulkabhavan School, Anand Mahal Roa, D, Adajan, Surat, Gujarat",S2-972516303,Lambodar Sfocwares,
S1-476955207,Lambodar Softwares,"B-702, Shreeji Arcade B/H Bhulkabhavan School, Anand Mahal Roa, D, Adajan, Surat, Gujarat",S2-7566950,Sri Lambodar  Softwares,"B-702, SHREEJI ARCADE B/H BHULKABHAVAN SCHOOL, ANAND MAHAL ROA, D, ADAJAN, SURAT, Gujarat"
S1-476955207,Lambodar Softwares,"B-702, Shreeji Arcade B/H Bhulkabhavan School, Anand Mahal Roa, D, Adajan, Surat, Gujarat",S2-124302100,Lambodar Softwares,"B-702, SHREEJI ARCADE B/H BHULKABHAVAN SCHOOL, ANAND MAHAL ROA, D, ADAJAN, SURAT, Gujarat"
S1-476955207,Lambodar Softwares,"B-702, Shreeji Arcade B/H Bhulkabhavan School, Anand Mahal Roa, D, Adajan, Surat, Gujarat",S3-789775319,Lambodar Softwares Ltd,"B-702, Surat, ગુજરાત"
S1-4382837,Hagaman Economic Development Trust,"80 Hagaman Avenue, NY, Hagaman",S2-562887227,Hagaman Efollntmonc Development Trust,"30 HAGAMAN AVE, AMSTERDAM, NY"
S1-4382837,Hagaman Economic Development Trust,"80 Hagaman Avenue, NY, Hagaman",S2-517519668,HAGAMAN ÉCONOMIC DEVELOPMENT,
S1-4382837,Hagaman Economic Development Trust,"80 Hagaman Avenue, NY, Hagaman",S2-198726559,Hagaman Economic Trust Development,"30 Hagaman Avenue, HAGAMAN, NY"
S1-4382837,Hagaman Economic Development Trust,"80 Hagaman Avenue, NY, Hagaman",S3-48446318,HAGAMAN ECONOMIC DEVELOPMENT TRUST,"80B Hagaman Ave, <NULL>, Amsterdam, New York"
S1-461958135,Brit Cash Modern Proem Co,"15758 Willow Drive, Fontana, CA",S3-675612540,Brit Cash Modern Proem,"15758. Willow Drive, PMB 3237, Fontana Township, California"
S1-461958135,Brit Cash Modern Proem Co,"15758 Willow Drive, Fontana, CA",S3-125659507,Brit Cash Módern Proem Co #41961,"15758. Willow Dr, Fontana Township, California"
S1-461958135,Brit Cash Modern Proem Co,"15758 Willow Drive, Fontana, CA",S3-258979711,BRIT CA5H MODERN PROEM CO,"15758. Willow Drive, Fontana Township, California"
S1-19650681,Mountain Center LLC,"Greenbrier, 158 Irene Circle, AR",S2-991556619,MOUNTAIN CENTER  LLC,"158 IRENE CIR, PO BOX 861, GREENBRIER, AR"
S1-19650681,Mountain Center LLC,"Greenbrier, 158 Irene Circle, AR",S2-263459608,Mountain Center,"158 IRENE CIRCLE, GREENBRIER, AR"
S1-19650681,Mountain Center LLC,"Greenbrier, 158 Irene Circle, AR",S2-350108285,Mountain Center L.L.C.,"158 IRENE CIR, PMB 7333, GREENBRIER, AR"
S1-19650681,Mountain Center LLC,"Greenbrier, 158 Irene Circle, AR",S3-650501674,Mountain Center,"158 Irene Circle, Greenbrier, Arkansas"
S1-572186351,Cure Ice Cream,"1009 1/2 7th Avenue, Kelso, WA",S3-978491801,Cure Ice  Cream,"1009 1/2 7rd Ave, Kelso, Washington"
S1-572186351,Cure Ice Cream,"1009 1/2 7th Avenue, Kelso, WA",S3-475374909,Cure Ice Cream Corp,"Washington, Kelso, 1009 1/2 7rd Avenue"
S1-572186351,Cure Ice Cream,"1009 1/2 7th Avenue, Kelso, WA",S3-584549231,Cure Ice Cream Inc,"7rd Avenue, Kelso, Washington"
S1-640240542,"Hussain, Carter and Goodwin","Village Of Redgranite, WI, 605 Hall Street",S2-34840844,"HUSSAIN, CARTER  AND GOODWIN","605 HALL ST, REDGRANITEE CITY, WI"
S1-640240542,"Hussain, Carter and Goodwin","Village Of Redgranite, WI, 605 Hall Street",S2-729354038,"Hussain, and Carter Gcooolddwin","605 HALL ST, REDGRANITEE CITY, WI"
S1-640240542,"Hussain, Carter and Goodwin","Village Of Redgranite, WI, 605 Hall Street",S2-605976812,"HUSSAIN, CARTER  AND GOODWIN","605 HALL STREET, REDGRANITEE CITY, WI"
S1-640240542,"Hussain, Carter and Goodwin","Village Of Redgranite, WI, 605 Hall Street",S2-941429313,HUSSAIN CARTER AND GOODWIN,"WI, REDGRANITEE CITY, 605 HALL STREET"
S1-640240542,"Hussain, Carter and Goodwin","Village Of Redgranite, WI, 605 Hall Street",S2-768398229,"Hussain, Carter and Goodwin Ltd","HALL ST, REDGRANITEE CITY, WI"
S1-640240542,"Hussain, Carter and Goodwin","Village Of Redgranite, WI, 605 Hall Street",S3-27701680,"Dovapyraorbi+ née Hussain, Carter and Goodwin","605 Hall Street, Village Of Redgranite, WI"
S1-156157364,Aarvva Chit Private Limited,"Rajasthan, Diamond Motors, Girwa, N.H -8 Sukher, Udaipur",S2-901286769,Aarvva Cthit Private Limited,"DIAMOND MOTORS, N.H -8 SUKHER, GIRWA, Rajasthan"
S1-156157364,Aarvva Chit Private Limited,"Rajasthan, Diamond Motors, Girwa, N.H -8 Sukher, Udaipur",S3-471736729,Aarvva-Chit Private  Limited,"Diamond Motors, N.h -8 Sukher, Udaipur, RJ"
S1-712708889,Family Empire Partners LLC,"2716 Valdez Drive, Temple, TX",S2-299164733,Fami1y Empire Partners Partners LLC,"2716 VALDEZ DR, TEMPLE, TX"
S1-712708889,Family Empire Partners LLC,"2716 Valdez Drive, Temple, TX",S2-18897662,familyempirepartners.com,"2716 VALDEZ DRIVE, TEMPLE, TX"
S1-712708889,Family Empire Partners LLC,"2716 Valdez Drive, Temple, TX",S3-418677516,Family émpire Partners LLC,"2716b Valdez Dr, Temple, Texas"
S1-712708889,Family Empire Partners LLC,"2716 Valdez Drive, Temple, TX",S3-739718106,Family  Empire,"Valdez Dr, Temple, Texas"
S1-712708889,Family Empire Partners LLC,"2716 Valdez Drive, Temple, TX",S3-634875131,Family Émpire Partners LLC,"2716b Valdez Dr, Temple, Texas"
S1-671346366,Tatiana Bingham Kpet,"1275 R Capitol Avenue, Unit R, Atlanta, GA",S2-868658492,Tatiana Bingham Kpet  LLC,"1275 R CAPITOL AVENUE, ATLLANTA TOWNSHIP, GA"
S1-671346366,Tatiana Bingham Kpet,"1275 R Capitol Avenue, Unit R, Atlanta, GA",S2-363525059,Tatiana Bingrbim Kpet,"1275 R CAPITOL AVENUE, ATLLANTA TOWNSHIP, GA"
S1-671346366,Tatiana Bingham Kpet,"1275 R Capitol Avenue, Unit R, Atlanta, GA",S3-383919263,Tatiana Bingham Kpet,"1275 R Capitol Ave, # R, Atlanta, Georgia"
S1-671346366,Tatiana Bingham Kpet,"1275 R Capitol Avenue, Unit R, Atlanta, GA",S3-248297853,Tatiana-Bingham Kpet,"Georgia, # R, Atlanta, 1275 R Capitol Atenue"
S1-671346366,Tatiana Bingham Kpet,"1275 R Capitol Avenue, Unit R, Atlanta, GA",S3-535510201,TATIANA BINGHAM KPET,"1275 R Capitol Avenue, # R, Atlanta, Georgia"
S1-759562098,Ace Defense Laboratories LP,"4541 86th Avenue, Fl 1, Olympia, WA",S2-161044655,Ace Defense Laboratories  LP,"86TH AVENUE, OLYMPIA, WA"
S1-759562098,Ace Defense Laboratories LP,"4541 86th Avenue, Fl 1, Olympia, WA",S3-198293329,Ace Defense LP Services,"4541a 86nd Avenue, Fl. 1, Olympia, Washington"
S1-759562098,Ace Defense Laboratories LP,"4541 86th Avenue, Fl 1, Olympia, WA",S3-524636168,Ace Defense Laboratories LP,"4541a 86nd Avenue, Fl 1, Olympia, Washington"
S1-332767604,Scholarship Council,"10436 NC41, Fairmont, NC",S2-965442097,#scholarshipcouncil,"0010436 NC41, FAIRMONT, NC"
S1-332767604,Scholarship Council,"10436 NC41, Fairmont, NC",S2-829442781,@scholarshipcouncil,"0010436 NC41, FAIRMONT, NC"
S1-332767604,Scholarship Council,"10436 NC41, Fairmont, NC",S2-198524157,Scholarship Council,"0010436 NC41, FAIRMONT, NC"
S1-332767604,Scholarship Council,"10436 NC41, Fairmont, NC",S2-394268066,SCHOLARSHIP-COUNCIL CORPORATION,"0010436 NC41, FAIRMONT, NC"
S1-332767604,Scholarship Council,"10436 NC41, Fairmont, NC",S3-440786429,Scholarship Council Corp,"10436 NC41, Fairmont, North Carolina"
S1-332767604,Scholarship Council,"10436 NC41, Fairmont, NC",S3-87785442,Vantagevantageio d/b/a Scholarship Council,"10436 NC41, Fairmont, NC"
S1-981593689,Tirupati Technology Private Limited,"1901, Delphi Towers, 19Th Floor, Raheja Garden, Thane, Maharashtra",S2-858193357,तिरुपति टेक्नोलॉजी प्राइवेट लिमिटेड,"1901, DELPHI TOWERS, 19TH FLOOR, RAHEJA GARDEN, THANE, महाराष्ट्र"
S1-981593689,Tirupati Technology Private Limited,"1901, Delphi Towers, 19Th Floor, Raheja Garden, Thane, Maharashtra",S2-959907396,तिरुपति टेक्नोलॉजी प्राइवेट लिमिटेड,"1901, DELPHI TOWERS, 19TH FLOOR, RAHEJA GARDEN, THANE, Maharashtra"
S1-359369117,Vanguard Mobility Alliance Inc,"Big Pool, 10307 National Pike, MD",S2-701861284,vanguard mobility alliance inc,"10307 NATIONAL PIKE, BIG POOL, MD"
S1-359369117,Vanguard Mobility Alliance Inc,"Big Pool, 10307 National Pike, MD",S2-357687512,VANGUARD MOBILITY ALLIANCE (INC),"BIG POOL, 10307 NATIONAL PIKE, MD"
S1-359369117,Vanguard Mobility Alliance Inc,"Big Pool, 10307 National Pike, MD",S3-215293918,Vanguard Mobility,"Maryland, NULL, BIG POOL, 10307 National Pike"
S1-354889538,Rabun Boral LLC,"226 87 Street, New York, NY",S2-334019354,Xyloquoevo,"0226 87 ST, NEW YORK, NY"
S1-354889538,Rabun Boral LLC,"226 87 Street, New York, NY",S2-405677992,rabunboral.com,"0226 87 STREET, NEW YORK, NY"
S1-354889538,Rabun Boral LLC,"226 87 Street, New York, NY",S2-631087818,Rabun Biogaol LLC,"0226 87 ST, PO BOX 3995, NEW YORK, NY"
S1-354889538,Rabun Boral LLC,"226 87 Street, New York, NY",S3-785969699,Rabun LLC Boral,"225 87 St, NEW ORK, New York"
S1-354563783,"Mohammed, Stites and Ohmer LLC","5321 Veronica Drive, Albuquerque, NM",S2-41073407,"mohammed, stites and ohmer llc","VERONICA DR, ALBUQUERQUE, NM"
S1-354563783,"Mohammed, Stites and Ohmer LLC","5321 Veronica Drive, Albuquerque, NM",S2-139554318,"Mohammed, Stites & Omhefr (LLC)","5321 Veronica Dr, ALBUQUERQUE, NM"
S1-354563783,"Mohammed, Stites and Ohmer LLC","5321 Veronica Drive, Albuquerque, NM",S2-519806810,"LLC Mohammed, Stites and Óhmer","NM, ALBUQUERQUE, 5321 VERONICA DR"
S1-354563783,"Mohammed, Stites and Ohmer LLC","5321 Veronica Drive, Albuquerque, NM",S2-121035724,"Mohammed, Stites and Ohmer Llc","5321 VERONICA DRIVE, ALBUQUERQUE, NM"
S1-354563783,"Mohammed, Stites and Ohmer LLC","5321 Veronica Drive, Albuquerque, NM",S2-137658994,mohammedstites.com,"ALBUQUERQUE, 5321 VERONICA DR, NM"
S1-354563783,"Mohammed, Stites and Ohmer LLC","5321 Veronica Drive, Albuquerque, NM",S3-465014444,"Mohammed, Stites and Ohmer LLC Services","5321 Veronica Drive, Albuquerque, New Mexico"
